,NOM
01,AMBERIEU
02,ST QUENTIN
03,VICHY-CHARMEIL
03,MONTLUCON AERO
04,DIGNE LES BAINS
05,EMBRUN
05,GAP
06,NICE
07,LANAS SYN
08,CHARLEVILLE-MEZ
09,COS
10,TROYES-BARBEREY
11,CARCASSONNE
11,NARBONNE
12,RODEZ-AVEYRON
13,MARIGNANE
13,MARSEILLE
14,CAEN-CARPIQUET
15,AURILLAC
16,ANGOULEME - BRIE - CHAMPNIERS
16,COGNAC
17,LA ROCHELLE-ILE DE RE
18,BOURGES
18,AVORD
19,BRIVE
19,BRIVE-SOUILLAC
20,AJACCIO
20,FIGARI
20,BASTIA
21,DIJON-LONGVIC
22,ST BRIEUC
23,GUERET-ST LAURENT
24,COULOUNIEIX
25,BESANCON
26,VALENCE-CHABEUI
27,EVREUX-HUEST
28,CHARTRES
29,BREST-GUIPAVAS
29,QUIMPER
30,NIMES-COURBESSAC
30,NIMES-GARONS
31,TOULOUSE-BLAGNAC
32,AUCH
33,BORDEAUX-MERIGNAC
33,CAZAUX
34,MONTPELLIER-AEROPORT
35,DINARD
35,RENNES-ST JACQUES
36,CHATEAUROUX  DEOLS
37,TOURS
38,GRENOBLE-ST GEOIRS
39,TAVAUX SA
40,MONT-DE-MARSAN
41,BLOIS
42,ST ETIENNE-BOUTHEON
43,LE PUY-LOUDES
44,NANTES-BOUGUENAIS
45,ORLEANS
46,LE MONTAT
47,AGEN-LA GARENNE
48,MENDE
51,REIMS-PRUNAY
52,ST-DIZIER
53,LAVAL-ETRONNIER
54,NANCY-OCHEY
54,NANCY-ESSEY
55,COUROUVRE
56,LORIENT-LANN BIHOUE
57,METZ-FRESCATY
58,NEVERS-MARZY
59,DUNKERQUE
59,LILLE-LESQUIN
60,BEAUVAIS-TILLE
61,ALENCON
62,BOULOGNE-SEM
63,CLERMONT-FD
64,BIARRITZ-PAYS-BASQUE
64,PAU-UZEIN
65,TARBES-LOURDES-PYRENEES
66,PERPIGNAN
67,STRASBOURG-ENTZHEIM
68,COLMAR-MEYENHEIM
68,BALE-MULHOUSE
69,LYON-BRON
69,LYON-ST EXUPERY
70,LUXEUIL
71,CHALON-CHAMPFO
71,MACON
72,LE MANS
73,CHAMBERY-AIX
74,MEYTHET
75,PARIS-MONTSOURIS
76,ROUEN-BOOS
76,DIEPPE
77,MELUN
78,TOUSSUS LE NOBLE
79,NIORT
80,AMIENS-GLISY
81,ALBI
82,MONTAUBAN
83,HYERES
84,AVIGNON
84,ORANGE
85,LA ROCHE SUR YON
86,POITIERS-BIARD
87,LIMOGES-BELLEGARDE
88,EPINAL
89,AUXERRE-PERRIGNY
90,DORANS
94,ORLY
95,PONTOISE - AERO
95,ROISSY
